{"aggregate_type":{"0":"mlp","1":"ppe","2":"pprgo","3":"goppe","4":"mlp","5":"ppe","6":"pprgo","7":"goppe","8":"mlp","9":"ppe","10":"pprgo","11":"goppe","12":"mlp","13":"ppe","14":"pprgo","15":"goppe"},"use_torch_sparse":{"0":true,"1":true,"2":true,"3":true,"4":false,"5":false,"6":false,"7":false,"8":true,"9":true,"10":true,"11":true,"12":false,"13":false,"14":false,"15":false},"total_num_nodes":{"0":100000,"1":100000,"2":100000,"3":100000,"4":100000,"5":100000,"6":100000,"7":100000,"8":1000000,"9":1000000,"10":1000000,"11":1000000,"12":1000000,"13":1000000,"14":1000000,"15":1000000},"nnz_per_row":{"0":3000,"1":3000,"2":3000,"3":3000,"4":3000,"5":3000,"6":3000,"7":3000,"8":3000,"9":3000,"10":3000,"11":3000,"12":3000,"13":3000,"14":3000,"15":3000},"dim_tag_node_feat":{"0":300,"1":300,"2":300,"3":300,"4":300,"5":300,"6":300,"7":300,"8":300,"9":300,"10":300,"11":300,"12":300,"13":300,"14":300,"15":300},"time_mean":{"0":0.0001305313,"1":0.0019193945,"2":0.0066410779,"3":0.0074366015,"4":0.0000075104,"5":0.0006243035,"6":0.0257567051,"7":0.0282235074,"8":0.0000463467,"9":0.0008382731,"10":0.0081761516,"11":0.0093166484,"12":0.0000070861,"13":0.0007351511,"14":0.0268406665,"15":0.0290197069},"time_std":{"0":0.0005330516,"1":0.0106267822,"2":0.000774266,"3":0.0011402578,"4":0.0000030846,"5":0.0002116848,"6":0.0006105109,"7":0.0027972985,"8":0.0002949519,"9":0.0007937271,"10":0.0009751942,"11":0.0013712529,"12":0.0000035409,"13":0.0001206997,"14":0.0007431616,"15":0.0015683085},"nnz_mean":{"0":95940.8,"1":95978.0,"2":95877.4,"3":95924.2,"4":95918.0,"5":96138.2,"6":96051.6,"7":95961.6,"8":95889.4,"9":95814.6,"10":96085.4,"11":96117.0,"12":96198.0,"13":96064.8,"14":96120.0,"15":96131.0},"nnz_std":{"0":269.3595366791,"1":385.6443957845,"2":167.1006882092,"3":297.3532579273,"4":231.4484823886,"5":137.0188308226,"6":104.0607514868,"7":411.8080135209,"8":423.0879813939,"9":206.3352611649,"10":167.2920799082,"11":320.4840089614,"12":228.0368391291,"13":282.4375329166,"14":444.0004504502,"15":445.7340013955},"rs":{"0":10,"1":10,"2":10,"3":10,"4":10,"5":10,"6":10,"7":10,"8":10,"9":10,"10":10,"11":10,"12":10,"13":10,"14":10,"15":10},"benchmark_repeat_time":{"0":100,"1":100,"2":100,"3":100,"4":100,"5":100,"6":100,"7":100,"8":100,"9":100,"10":100,"11":100,"12":100,"13":100,"14":100,"15":100},"bs_size":{"0":32,"1":32,"2":32,"3":32,"4":32,"5":32,"6":32,"7":32,"8":32,"9":32,"10":32,"11":32,"12":32,"13":32,"14":32,"15":32},"input_dim":{"0":128,"1":128,"2":128,"3":128,"4":128,"5":128,"6":128,"7":128,"8":128,"9":128,"10":128,"11":128,"12":128,"13":128,"14":128,"15":128},"num_class":{"0":5,"1":5,"2":5,"3":5,"4":5,"5":5,"6":5,"7":5,"8":5,"9":5,"10":5,"11":5,"12":5,"13":5,"14":5,"15":5},"num_mlps":{"0":0,"1":0,"2":0,"3":0,"4":0,"5":0,"6":0,"7":0,"8":0,"9":0,"10":0,"11":0,"12":0,"13":0,"14":0,"15":0}}